0000.jpg,0000.txt
0001.jpg,0001.txt
0002.jpg,0002.txt
0003.jpg,0003.txt
0004.jpg,0004.txt
0005.jpg,0005.txt
0006.jpg,0006.txt
0007.jpg,0007.txt
0008.jpg,0008.txt
0009.jpg,0009.txt
0010.jpg,0010.txt
0011.jpg,0011.txt
0012.jpg,0012.txt
0013.jpg,0013.txt
0014.jpg,0014.txt
0015.jpg,0015.txt
0016.jpg,0016.txt
0017.jpg,0017.txt
0018.jpg,0018.txt
0019.jpg,0019.txt
0020.jpg,0020.txt
0021.jpg,0021.txt
0022.jpg,0022.txt
0023.jpg,0023.txt
0024.jpg,0024.txt
0025.jpg,0025.txt
0026.jpg,0026.txt
0027.jpg,0027.txt
0028.jpg,0028.txt
0029.jpg,0029.txt
0030.jpg,0030.txt
0031.jpg,0031.txt
0032.jpg,0032.txt
0033.jpg,0033.txt
0034.jpg,0034.txt
0035.jpg,0035.txt
0036.jpg,0036.txt
0037.jpg,0037.txt
0038.jpg,0038.txt
0039.jpg,0039.txt
0040.jpg,0040.txt
0041.jpg,0041.txt
0042.jpg,0042.txt
0043.jpg,0043.txt
0044.jpg,0044.txt
0045.jpg,0045.txt
0046.jpg,0046.txt
0047.jpg,0047.txt
0048.jpg,0048.txt
0049.jpg,0049.txt
0050.jpg,0050.txt
0051.jpg,0051.txt
0052.jpg,0052.txt
0053.jpg,0053.txt
0054.jpg,0054.txt
0055.jpg,0055.txt
0056.jpg,0056.txt
0057.jpg,0057.txt
0058.jpg,0058.txt
0059.jpg,0059.txt
0060.jpg,0060.txt
0061.jpg,0061.txt
0062.jpg,0062.txt
0063.jpg,0063.txt
0064.jpg,0064.txt
0065.jpg,0065.txt
0066.jpg,0066.txt
0067.jpg,0067.txt
0068.jpg,0068.txt
0069.jpg,0069.txt
0070.jpg,0070.txt
0071.jpg,0071.txt
0072.jpg,0072.txt
0073.jpg,0073.txt
0074.jpg,0074.txt
0075.jpg,0075.txt
0076.jpg,0076.txt
0077.jpg,0077.txt
0078.jpg,0078.txt
0079.jpg,0079.txt
0080.jpg,0080.txt
0081.jpg,0081.txt
0082.jpg,0082.txt
0083.jpg,0083.txt
0084.jpg,0084.txt
0085.jpg,0085.txt
0086.jpg,0086.txt
0087.jpg,0087.txt
0088.jpg,0088.txt
0089.jpg,0089.txt
0090.jpg,0090.txt
0091.jpg,0091.txt
0092.jpg,0092.txt
0093.jpg,0093.txt
0094.jpg,0094.txt
0095.jpg,0095.txt
0096.jpg,0096.txt
0097.jpg,0097.txt
0098.jpg,0098.txt
0099.jpg,0099.txt